title,author,tag,image_url,external_link
,Digital Luxury Group,SOTD,https://assets.awwwards.com/awards/media/cache/thumb_440_330/submissions/2025/09/68cc1005c34b2948043411.png,https://urbanjurgensen.com/
,Beaucoup.,DEV,https://assets.awwwards.com/awards/media/cache/thumb_440_330/submissions/2025/09/68bfe520867bc836691588.jpg,https://orage.studio/
,,PROMOTED,,
,Studio 28K,DEV,https://assets.awwwards.com/awards/media/cache/thumb_440_330/submissions/2025/09/68d143379383c188358018.png,https://www.hut8.com/
,/nk.studio,DEV,https://assets.awwwards.com/awards/media/cache/thumb_440_330/submissions/2025/09/68cd5ca4de605479894188.jpg,https://untold.site/en
,Dylan Brouwer,DEV,https://assets.awwwards.com/awards/media/cache/thumb_440_330/submissions/2025/09/68c3d8c38c8fa401298793.png,https://www.gethyped.nl/
,Thierry Chopain,DEV,https://assets.awwwards.com/awards/media/cache/thumb_440_330/submissions/2025/09/68caa0834aeea645348268.jpg,https://ova-investment.com
,Edoardo Lunardi,DEV,https://assets.awwwards.com/awards/media/cache/thumb_440_330/submissions/2025/09/68c6c63cb0bb2694852750.png,https://www.anuchome.com/
,Huy Phan,DEV,https://assets.awwwards.com/awards/media/cache/thumb_440_330/submissions/2025/09/68c03c4604f1a840148959.png,https://wonjyou.studio/
,Patrick Heng,DEV,https://assets.awwwards.com/awards/media/cache/thumb_440_330/submissions/2025/09/68c7be3b8a3c6127708535.jpg,https://ponpon-mania.com/
,Firma,DEV,https://assets.awwwards.com/awards/media/cache/thumb_440_330/submissions/2025/09/68c17b59d8b8c739996161.jpg,https://toptier.relats.com/
,Immersive Garden,DEV,https://assets.awwwards.com/awards/media/cache/thumb_440_330/submissions/2025/09/68c29b5209dbb113223702.jpg,https://www.100lostspecies.com/
,Flabbergast,DEV,https://assets.awwwards.com/awards/media/cache/thumb_440_330/submissions/2025/09/68c140b526ec9333061234.png,https://flabbergast.agency
,Amine Zegmou,DEV,https://assets.awwwards.com/awards/media/cache/thumb_440_330/submissions/2025/09/68bb0d7f38475413494866.png,https://www.lacrapulestudio.com/
,Refokus,SOTD,https://assets.awwwards.com/awards/media/cache/thumb_440_330/submissions/2025/09/68b85a09f0d3b905958532.png,https://www.heimdallpower.com/
,Samuel Honigstein,DEV,https://assets.awwwards.com/awards/media/cache/thumb_440_330/submissions/2025/09/68c6cce6444b8375386976.png,http://samsy.ninja
,Buzzworthy,DEV,https://assets.awwwards.com/awards/media/cache/thumb_440_330/submissions/2025/09/68b95f0034bca498000483.png,https://stiff.madebybuzzworthy.com/
,ToyFight,AH,https://assets.awwwards.com/awards/media/cache/thumb_440_330/submissions/2025/08/68b165054c02e699655838.jpg,http://inkgames.com
,Malvah,DEV,https://assets.awwwards.com/awards/media/cache/thumb_440_330/submissions/2025/09/68bab6be1a4fe684453358.jpg,https://www.theupandupgroup.com/
,BASEBORN,DEV,https://assets.awwwards.com/awards/media/cache/thumb_440_330/submissions/2025/08/68ac16795370d156035420.png,https://www.chew.productions/
,Graphics Dept.,HM,https://assets.awwwards.com/awards/media/cache/thumb_440_330/submissions/2025/10/68e8112aba2b1600078585.png,https://www.hurryupandhavefun.com/
,serieseight,DEV,https://assets.awwwards.com/awards/media/cache/thumb_440_330/submissions/2025/09/68b7fdf26bddc496389447.jpg,https://www.jonite.com/
,Stella Petkova,HM,https://assets.awwwards.com/awards/media/cache/thumb_440_330/submissions/2025/09/68da9de308f54558250138.png,https://www.stellapetkova.com/
,Fol,HM,https://assets.awwwards.com/awards/media/cache/thumb_440_330/submissions/2025/09/68dac46490a8c082386579.jpg,https://avciarchitects.com/
,jordan-breton,HM,https://assets.awwwards.com/awards/media/cache/thumb_440_330/submissions/2025/09/68da90ff7b5f7743711714.png,https://jordan-breton.com
,ADELT Agency,HM,https://assets.awwwards.com/awards/media/cache/thumb_440_330/submissions/2025/10/68e795874e303896428316.png,https://quietcubes.com
,PROPAGANDE,HM,https://assets.awwwards.com/awards/media/cache/thumb_440_330/submissions/2025/09/68da56a7daaa3799677515.jpg,https://www.studiotyrsa.com/
,Atlantiser®,HM,https://assets.awwwards.com/awards/media/cache/thumb_440_330/submissions/2025/10/68de678acbbd3379535951.jpg,https://www.atlantiser.com/
,rightnowderek,HM,https://assets.awwwards.com/awards/media/cache/thumb_440_330/submissions/2025/09/68d9e76196249888434213.png,https://www.monsterpomodoro.com/
,andre-gsouza,HM,https://assets.awwwards.com/awards/media/cache/thumb_440_330/submissions/2025/09/68d95a9840300388846260.png,https://www.andregs.com/
,Kolibri,HM,https://assets.awwwards.com/awards/media/cache/thumb_440_330/submissions/2025/10/68e65cb903938908565818.png,https://www.co2.is
,Tomoya Okada,DEV,https://assets.awwwards.com/awards/media/cache/thumb_440_330/submissions/2025/08/68b27dbe0685b243354929.jpg,https://layrid.tomoyaokada.com/
,Uprock,HM,https://assets.awwwards.com/awards/media/cache/thumb_440_330/submissions/2025/09/68da3cfcc21f0061312733.jpg,https://echowave.uprock.pro/
,Brand Appart,HM,https://assets.awwwards.com/awards/media/cache/thumb_440_330/submissions/2025/09/68d6ab3679b87876415181.png,https://www.brandappart.com/
,Rémi Inn,HM,https://assets.awwwards.com/awards/media/cache/thumb_440_330/submissions/2025/09/68d72d1c97a69563305366.png,https://utazon.fr/
,Sublimio,HM,https://assets.awwwards.com/awards/media/cache/thumb_440_330/submissions/2025/10/68e78c2a76385921444796.png,https://thmssnglmnt.com/en
,Vide Infra,DEV,https://assets.awwwards.com/awards/media/cache/thumb_440_330/submissions/2025/09/68b9a23ebecc1462470298.jpg,https://silver-pinewood.com/
,SERIOUS.BUSINESS,HM,https://assets.awwwards.com/awards/media/cache/thumb_440_330/submissions/2025/09/68dc06c138987333929875.jpg,https://iventions.com/
,averach,HM,https://assets.awwwards.com/awards/media/cache/thumb_440_330/submissions/2025/09/68d5e33bf3e6d838091043.jpg,https://www.yahengli.co/
,,PROMOTED,,
,UNFOUND Studio,HM,https://assets.awwwards.com/awards/media/cache/thumb_440_330/submissions/2025/09/68cbd60195009274964659.jpg,https://mukko.studio/
,CREATORS AGENCY,HM,https://assets.awwwards.com/awards/media/cache/thumb_440_330/submissions/2025/09/68d5706069f3a353495092.png,https://coachedbyclub.be/
,JOEGARNER,HM,https://assets.awwwards.com/awards/media/cache/thumb_440_330/submissions/2025/09/68d62ebe2caba892366001.jpg,https://www.joegarnerdesign.com/
,Huy Nguyen,DEV,https://assets.awwwards.com/awards/media/cache/thumb_440_330/submissions/2025/09/68b7aa90dbac3889881012.jpg,https://mammothmurals.com/
,FUTURE THREE®,HM,https://assets.awwwards.com/awards/media/cache/thumb_440_330/submissions/2025/09/68d7e48d9ea55119289405.png,https://more-nutrition.webflow.io/
,Roman Jean-Elie,HM,https://assets.awwwards.com/awards/media/cache/thumb_440_330/submissions/2025/09/68d41a8c4b630025066425.png,https://www.romanjeanelie.com/
,Pedro Churro,HM,https://assets.awwwards.com/awards/media/cache/thumb_440_330/submissions/2025/09/68d16107f231c596677470.png,https://alfredogelado.pt
,Fiddle.Digital Design Agency,HM,https://assets.awwwards.com/awards/media/cache/thumb_440_330/submissions/2025/09/68d3bbda420b5091092924.jpg,https://www.wearekaleida.com/
,Undefined,HM,https://assets.awwwards.com/awards/media/cache/thumb_440_330/submissions/2025/09/68d464cb348a6816000629.jpg,https://thisisundefined.com
,Visual Identity,HM,https://assets.awwwards.com/awards/media/cache/thumb_440_330/submissions/2025/10/68e0f916f09fc464589662.png,https://rohit-harish.com/
,60fps,DEV,https://assets.awwwards.com/awards/media/cache/thumb_440_330/submissions/2025/09/68b856ac82b8f885139949.jpg,https://www.chanel.com/fr/maquillage/4-ombres-boutons/
,EssilorLuxottica Creative Hub,HM,https://assets.awwwards.com/awards/media/cache/thumb_440_330/submissions/2025/09/68d55c87594aa572219344.jpg,https://www.oakley.com/en-us/l/axiom-space
,Velizar Delyanov,HM,https://assets.awwwards.com/awards/media/cache/thumb_440_330/submissions/2025/09/68d2a6b0872f8878152892.png,https://www.velizardelyanov.com/
,sa-design,HM,https://assets.awwwards.com/awards/media/cache/thumb_440_330/submissions/2025/09/68d30d852beb6330964391.jpg,https://www.marquet.nyc
,zentixsoft,HM,https://assets.awwwards.com/awards/media/cache/thumb_440_330/submissions/2025/09/68d3da984fa26148400740.jpg,https://lucesposa.com/en
,CreativeWeb,HM,https://assets.awwwards.com/awards/media/cache/thumb_440_330/submissions/2025/09/68d3ba1031292171741844.png,https://watchgorillascience.com/
,HOLOGRAPHIK,AH,https://assets.awwwards.com/awards/media/cache/thumb_440_330/submissions/2025/08/68b17798841f3128230559.png,https://www.davidalaba.com/
,bigstudio,HM,https://assets.awwwards.com/awards/media/cache/thumb_440_330/submissions/2025/09/68d4c241213fc711100721.png,https://bigstudio-tw.com/
,Mambo Mambo,HM,https://assets.awwwards.com/awards/media/cache/thumb_440_330/submissions/2025/09/68d185931da81217827746.jpg,https://jacques-cie.com/
,sbae18,HM,https://assets.awwwards.com/awards/media/cache/thumb_440_330/submissions/2025/09/68d24484145aa910919259.png,https://imnotabot.sangyoungbae.com/
,Local Studio,HM,https://assets.awwwards.com/awards/media/cache/thumb_440_330/submissions/2025/09/68d24d928ec44535950273.jpg,https://www.marie-antoinette.fr/
,Obriy Design Büro,HM,https://assets.awwwards.com/awards/media/cache/thumb_440_330/submissions/2025/09/68d2928988c14081660995.png,https://www.smalltownwitches.com
,P.Factory,HM,https://assets.awwwards.com/awards/media/cache/thumb_440_330/submissions/2025/09/68d1778882a16988000445.jpg,https://www.paul-factory.com/
,viresh-pawar,HM,https://assets.awwwards.com/awards/media/cache/thumb_440_330/submissions/2025/09/68d25790d4f9a921620666.jpg,http://9870089044.com
,JF,HM,https://assets.awwwards.com/awards/media/cache/thumb_440_330/submissions/2025/09/68d2065689457524265396.jpg,https://www.joelefrank.com/
,Mambo Mambo,DEV,https://assets.awwwards.com/awards/media/cache/thumb_440_330/submissions/2025/06/68598df85c2cb579659594.jpg,https://eddie.eco/
,WE RAD,HM,https://assets.awwwards.com/awards/media/cache/thumb_440_330/submissions/2025/09/68d1273e05956467275761.jpg,https://edpcollection.drvranjes.com/en
,,PROMOTED,,
,imaga.ai,HM,https://assets.awwwards.com/awards/media/cache/thumb_440_330/submissions/2025/09/68d12c0360a02569538251.png,https://branding.imaga.ai/
,Jordan Gilroy,HM,https://assets.awwwards.com/awards/media/cache/thumb_440_330/submissions/2025/09/68d110514713e448029297.jpg,https://www.appliedarts.com
,MOYIN,HM,https://assets.awwwards.com/awards/media/cache/thumb_440_330/submissions/2025/09/68d117e3ced8c420221567.png,https://nestandfield.framer.website/
,Jordan Gilroy,HM,https://assets.awwwards.com/awards/media/cache/thumb_440_330/submissions/2025/09/68d1097f3bfc8010013628.jpg,https://www.stack.vc/
,Somefolk®,SOTD,https://assets.awwwards.com/awards/media/cache/thumb_440_330/submissions/2025/06/685b8b24e8c14154460579.jpg,https://www.weareexample.com/
,Awd Agency,HM,https://assets.awwwards.com/awards/media/cache/thumb_440_330/submissions/2025/09/68cfd43ef0b37926598290.jpg,https://janetandjanet.com/
,MONOGRID,HM,https://assets.awwwards.com/awards/media/cache/thumb_440_330/submissions/2025/09/68cd4420d4ac6922887019.jpg,https://beautytools.dolcegabbana.com/en-it/fresh-skin
,ARK®,HM,https://assets.awwwards.com/awards/media/cache/thumb_440_330/submissions/2025/09/68ceb2eb06930546088895.png,http://byld.dev
,Thinkingbox,HM,https://assets.awwwards.com/awards/media/cache/thumb_440_330/submissions/2025/09/68d45a00b227a832550343.jpg,https://www.brars.com/
,skolastika phoebe,HM,https://assets.awwwards.com/awards/media/cache/thumb_440_330/submissions/2025/09/68d02be55d900535718382.jpg,https://skphoebe.com/
,WILD,HM,https://assets.awwwards.com/awards/media/cache/thumb_440_330/submissions/2025/09/68cd2f309effa091394821.png,https://replit.com/agent3
,Reqular Design Studio,HM,https://assets.awwwards.com/awards/media/cache/thumb_440_330/submissions/2025/09/68d2469255b7b704250891.jpg,https://www.serienreif.com/
,c0mmand_25,HM,https://assets.awwwards.com/awards/media/cache/thumb_440_330/submissions/2025/10/68ddaafca95ee045063442.png,https://theoryvc.com/
,SOCIETY STUDIOS®,HM,https://assets.awwwards.com/awards/media/cache/thumb_440_330/submissions/2025/09/68c7f666c36d3122980744.jpg,https://spenceltd.co.uk/
,coffeefoundation,HM,https://assets.awwwards.com/awards/media/cache/thumb_440_330/submissions/2025/10/68df96c92fc84528537814.jpg,https://www.coffeefoundation.com/
,L'Étude,DEV,https://assets.awwwards.com/awards/media/cache/thumb_440_330/submissions/2025/09/68b5d71f07a59473073408.jpg,https://letude.group
,Edoardo Lunardi,HM,https://assets.awwwards.com/awards/media/cache/thumb_440_330/submissions/2025/09/68cd6da848e0a768905583.jpg,https://www.edoardolunardi.dev/
,Griflan,HM,https://assets.awwwards.com/awards/media/cache/thumb_440_330/submissions/2025/09/68cab68559853904667133.png,https://www.elevatehomescriptions.com/
,übernatural,HM,https://assets.awwwards.com/awards/media/cache/thumb_440_330/submissions/2025/09/68cbe1fc01951779152345.png,https://itempire.com/
,Andrii Kravchenko,HM,https://assets.awwwards.com/awards/media/cache/thumb_440_330/submissions/2025/09/68cad72f0e7f2822228988.png,https://www.callers.ai/
,manuel-rovira,HM,https://assets.awwwards.com/awards/media/cache/thumb_440_330/submissions/2025/09/68cad92430599457558854.png,https://iconsax.io/
,Niice,HM,https://assets.awwwards.com/awards/media/cache/thumb_440_330/submissions/2025/09/68cd24d14e460633466670.jpg,https://www.fokuscubes.nl/
,"Laugh Mind Co.,Ltd.",HM,https://assets.awwwards.com/awards/media/cache/thumb_440_330/submissions/2025/09/68cc77be6fbf2588866546.jpg,https://www.est-est.co.jp/
,neversettle,HM,https://assets.awwwards.com/awards/media/cache/thumb_440_330/submissions/2025/09/68cc1597b657a087858745.jpg,https://modernhuntsman.com/
,Olha Lazarieva,AH,https://assets.awwwards.com/awards/media/cache/thumb_440_330/submissions/2025/08/68af13d98621f852628699.jpg,https://www.olhalazarieva.com/
,Denys Verholomchuk,HM,https://assets.awwwards.com/awards/media/cache/thumb_440_330/submissions/2025/09/68ca6410a2867479765224.jpg,https://www.quantumbody.io
,Lo & Behold,HM,https://assets.awwwards.com/awards/media/cache/thumb_440_330/submissions/2025/09/68dbf3c6d6795833171885.png,https://loandbehold.studio/
,widelab.co,HM,https://assets.awwwards.com/awards/media/cache/thumb_440_330/submissions/2025/09/68ca544fd818c915008405.jpg,https://www.dashline.tech/
,KauStudio,HM,https://assets.awwwards.com/awards/media/cache/thumb_440_330/submissions/2025/09/68caa251a9504749272546.png,https://kau.studio
,Kyle Craven,HM,https://assets.awwwards.com/awards/media/cache/thumb_440_330/submissions/2025/08/68a3d36365a85273718566.jpg,https://www.arcprojects.build/
,Six Socks Studio,DEV,https://assets.awwwards.com/awards/media/cache/thumb_440_330/submissions/2025/08/68ada0b41ba0b762589727.jpg,https://www.active-hop.com
,izum-digital,HM,https://assets.awwwards.com/awards/media/cache/thumb_440_330/submissions/2025/09/68cbe506dfed5611013362.png,https://izum.study/en
,,PROMOTED,,
,Parentheses,HM,https://assets.awwwards.com/awards/media/cache/thumb_440_330/submissions/2025/09/68c99ae0a31e0216512058.png,https://merise.ae/
,Plus X Creative Partner,HM,https://assets.awwwards.com/awards/media/cache/thumb_440_330/submissions/2025/09/68da72a1433b6610972848.png,https://15th.plus-ex.com/
,Hatypo Studio,HM,https://assets.awwwards.com/awards/media/cache/thumb_440_330/submissions/2025/09/68c90618a821b466745293.png,https://www.habito.studio/
,Chipsa,DEV,https://assets.awwwards.com/awards/media/cache/thumb_440_330/submissions/2025/08/68ac413caf722465835494.jpg,https://chipsa.design/
,Locomotive,HM,https://assets.awwwards.com/awards/media/cache/thumb_440_330/submissions/2025/09/68cc1ba244710583428580.jpg,https://gkc.ca/en
,Dgrees,HM,https://assets.awwwards.com/awards/media/cache/thumb_440_330/submissions/2025/09/68c85bc5ca732427181026.jpg,https://rosahotels.dgrees.studio/
,Cake Agency | Shopify Partner,HM,https://assets.awwwards.com/awards/media/cache/thumb_440_330/submissions/2025/09/68cd1f1a0dbf8867744743.png,https://pand.co/
,Brave People,HM,https://assets.awwwards.com/awards/media/cache/thumb_440_330/submissions/2025/09/68d2ff16b4367466748885.jpg,https://bravepeople.co/
,Artem Starostin,HM,https://assets.awwwards.com/awards/media/cache/thumb_440_330/submissions/2025/09/68c850a01eede730279716.png,https://mikatalo.com
,Merci Michel,DEV,https://assets.awwwards.com/awards/media/cache/thumb_440_330/submissions/2025/08/68ad5a7267dbc584274541.jpg,https://play.garance.com
,itay-schiff,DEV,https://assets.awwwards.com/awards/media/cache/thumb_440_330/submissions/2025/06/684aca99c1bbf505905221.png,https://weavy.ai/
,Ledger,HM,https://assets.awwwards.com/awards/media/cache/thumb_440_330/submissions/2025/09/68d2b15bd3f73019406350.png,http://brand.ledger.com
,The Brink Agency,HM,https://assets.awwwards.com/awards/media/cache/thumb_440_330/submissions/2025/09/68c82aa4d0568313587866.jpg,https://nosuhealth.com/
,Powered By Elevate,HM,https://assets.awwwards.com/awards/media/cache/thumb_440_330/submissions/2025/09/68c999c44066a839808820.png,https://www.risksolved.com/
,Numbered,DEV,https://assets.awwwards.com/awards/media/cache/thumb_440_330/submissions/2025/08/6899e8223a5ae242560325.png,https://damso.com/
,Dwarf,HM,https://assets.awwwards.com/awards/media/cache/thumb_440_330/submissions/2025/09/68c94ea35d304356497893.jpg,https://coffeecollective.dk/
,Troa,HM,https://assets.awwwards.com/awards/media/cache/thumb_440_330/submissions/2025/09/68c3dba4a1169850069934.jpg,https://www.ineo-sense.com
,suuupply,HM,https://assets.awwwards.com/awards/media/cache/thumb_440_330/submissions/2025/09/68c40d014013d567229138.jpg,https://www.suuupply.com/en
,OHMY,HM,https://assets.awwwards.com/awards/media/cache/thumb_440_330/submissions/2025/09/68c2931482f44023033591.jpg,https://www.makeitgolden.co.uk/
,Mambo Mambo,HM,https://assets.awwwards.com/awards/media/cache/thumb_440_330/submissions/2025/09/68c435cf47e97939612676.jpg,https://nationex.com/
,sidhdharth-sivasubramanian,HM,https://assets.awwwards.com/awards/media/cache/thumb_440_330/submissions/2025/09/68b96b73776b5603249636.png,https://meetstream.ai
,GLIDE®: Beauty and results,HM,https://assets.awwwards.com/awards/media/cache/thumb_440_330/submissions/2025/09/68c3569b3fee1504015452.png,https://landinstitute.org/
,Abhishek Jha,DEV,https://assets.awwwards.com/awards/media/cache/thumb_440_330/submissions/2025/08/68a17d1766b54711825773.png,https://abhishekjha.me/
,izum-digital,HM,https://assets.awwwards.com/awards/media/cache/thumb_440_330/submissions/2025/09/68c2a559b4beb433243248.png,https://izum.digital/en
,Made by ON,HM,https://assets.awwwards.com/awards/media/cache/thumb_440_330/submissions/2025/09/68d4103692d21626375230.png,https://air.inc/
,PLEO,HM,https://assets.awwwards.com/awards/media/cache/thumb_440_330/submissions/2025/09/68c3ea07a9cdb964029041.jpg,https://novobudowa.pl/
,Studio Gaufrettes,HM,https://assets.awwwards.com/awards/media/cache/thumb_440_330/submissions/2025/09/68c8246cdc295994385486.jpg,https://www.studio-gaufrettes.fr/test
,Jota Marques,DEV,https://assets.awwwards.com/awards/media/cache/thumb_440_330/submissions/2025/07/6887ebfa10635416071980.jpg,https://house.paisana.studio
,ADELT Agency,HM,https://assets.awwwards.com/awards/media/cache/thumb_440_330/submissions/2025/09/68c1e18c71198682950301.png,https://keytome-dev.webflow.io/?testRef=awwwards.com
,Creative Ventures,HM,https://assets.awwwards.com/awards/media/cache/thumb_440_330/submissions/2025/09/68c17159bae55951581260.png,https://www.cv.rocks/
,Soleil Noir,HM,https://assets.awwwards.com/awards/media/cache/thumb_440_330/submissions/2025/09/68bedb53335ae268345613.jpg,https://essentiality-of-beauty.loreal.com/
,,PROMOTED,,
,Spring/Summer,DEV,https://assets.awwwards.com/awards/media/cache/thumb_440_330/submissions/2025/08/6894b00c35f5f682358209.jpg,https://nitex.com/
,Adrian Red,HM,https://assets.awwwards.com/awards/media/cache/thumb_440_330/submissions/2025/09/68bfee2514619398961212.jpg,https://orion.adrianred.com
,Martin Laxenaire,HM,https://assets.awwwards.com/awards/media/cache/thumb_440_330/submissions/2025/09/68c033a6d2ede917399350.jpg,https://www.martin-laxenaire.fr
,Maxence Lehee,HM,https://assets.awwwards.com/awards/media/cache/thumb_440_330/submissions/2025/09/68c05bd53ef3c012942814.jpg,https://hjeunecrack.fr
,FUTURE THREE®,HM,https://assets.awwwards.com/awards/media/cache/thumb_440_330/submissions/2025/08/68a4e1cd777b2979505941.png,https://www.futurethree.studio/
,Altalogy,HM,https://assets.awwwards.com/awards/media/cache/thumb_440_330/submissions/2025/09/68bffba94c0fd194793552.jpg,https://www.cofounder.co/
,sa-design,HM,https://assets.awwwards.com/awards/media/cache/thumb_440_330/submissions/2025/09/68c0314da59ed549520880.jpg,https://www.litecomgroup.com/
,Seth Lukin,HM,https://assets.awwwards.com/awards/media/cache/thumb_440_330/submissions/2025/09/68c2004480514484698445.png,https://sethlukin.com/
,Tubik,DEV,https://assets.awwwards.com/awards/media/cache/thumb_440_330/submissions/2025/08/6899dd0820bcc589344120.png,https://www.der-baukasten.com
,Kommigraphics,HM,https://assets.awwwards.com/awards/media/cache/thumb_440_330/submissions/2025/09/68bede0fd5ac6054009265.jpg,https://minas-designs.com
,Mantis,HM,https://assets.awwwards.com/awards/media/cache/thumb_440_330/submissions/2025/09/68c64e4e483c8907475446.png,https://www.mantis.works/
,ToyFight,DEV,https://assets.awwwards.com/awards/media/cache/thumb_440_330/submissions/2025/08/689b38d469b84288212894.jpg,https://www.pantheonmedia.com/
,Uprock,HM,https://assets.awwwards.com/awards/media/cache/thumb_440_330/submissions/2025/09/68bedfb4efab5630741430.jpg,https://atom.uprock.pro/
,Readymag,HM,https://assets.awwwards.com/awards/media/cache/thumb_440_330/submissions/2025/09/68beb965a6242233518233.jpg,https://readymag.com/readymag/tiktok/?utm_source=awwwards&utm_medium=partnership_submission&utm_campaign=tiktok
,Bazil.,HM,https://assets.awwwards.com/awards/media/cache/thumb_440_330/submissions/2025/09/68befaf3f1828356026865.jpg,https://paultaylorcomedy.com/
,Beaucoup.,DEV,https://assets.awwwards.com/awards/media/cache/thumb_440_330/submissions/2025/07/68750ab93af1b190757225.jpg,https://www.caeli-energie.com/
,Stefan Vitasovic,DEV,https://assets.awwwards.com/awards/media/cache/thumb_440_330/submissions/2025/08/6895d2f63b73b314594587.png,https://stefanvitasovic.dev/
,Artemii Lebedev,HM,https://assets.awwwards.com/awards/media/cache/thumb_440_330/submissions/2025/09/68bc463f1fc21866902358.png,https://brant-paints.webflow.io/
,thegreentale,HM,https://assets.awwwards.com/awards/media/cache/thumb_440_330/submissions/2025/09/68bdbdad2a5fe717255978.png,https://bleedingdisorders.junction.care/
,Owi Sixseven,HM,https://assets.awwwards.com/awards/media/cache/thumb_440_330/submissions/2025/09/68bc9210b651e528631611.png,https://tuyo.com/
,Vide Infra,DEV,https://assets.awwwards.com/awards/media/cache/thumb_440_330/submissions/2025/08/689cb78593454973880666.png,https://madarplatform.com/en
,HOLOGRAPHIK,DEV,https://assets.awwwards.com/awards/media/cache/thumb_440_330/submissions/2025/08/68a33b166666c364775354.png,https://www.walrus.xyz/
,Emele Collab,HM,https://assets.awwwards.com/awards/media/cache/thumb_440_330/submissions/2025/09/68bb0f922b7e5451392469.jpg,https://emelecollab.com/
,Driftime®,HM,https://assets.awwwards.com/awards/media/cache/thumb_440_330/submissions/2025/09/68badc779ab40171455558.png,https://driftime.com/
,fatfish,HM,https://assets.awwwards.com/awards/media/cache/thumb_440_330/submissions/2025/09/68b7416aca9e4408379227.jpg,https://metaltek.ca/
,Isadora Digital Agency,HM,https://assets.awwwards.com/awards/media/cache/thumb_440_330/submissions/2025/09/68bb2e2e6db91342690854.png,https://apspayroll.com/
,Wanaka,HM,https://assets.awwwards.com/awards/media/cache/thumb_440_330/submissions/2025/09/68beeb2fc179d654733310.jpg,https://www.wanaka.studio/
,Bürocratik,DEV,https://assets.awwwards.com/awards/media/cache/thumb_440_330/submissions/2025/08/6891f8c6963ac110872520.jpg,https://18.burocratik.com/
,Square43 Studio,HM,https://assets.awwwards.com/awards/media/cache/thumb_440_330/submissions/2025/09/68baa317c78cd479956534.png,https://bombon.rs
,Daybreak Studio,HM,https://assets.awwwards.com/awards/media/cache/thumb_440_330/submissions/2025/09/68c821fecfc88034167800.png,https://dash.dropbox.com/mclarenf1
,Extract Studio,HM,https://assets.awwwards.com/awards/media/cache/thumb_440_330/submissions/2025/09/68baee3e2ebb9699253831.jpg,https://www.hannahmiles.com/
,Tractorbeam®,HM,https://assets.awwwards.com/awards/media/cache/thumb_440_330/submissions/2025/09/68bf5a5467abf993468101.jpg,http://www.mohonk.com
,KKPK,DEV,https://assets.awwwards.com/awards/media/cache/thumb_440_330/submissions/2025/08/689b66734ff2a196824704.png,https://www.mastercard.com/businessoutcomes/
,Contra Studio,HM,https://assets.awwwards.com/awards/media/cache/thumb_440_330/submissions/2025/09/68b9c686c9b20188116728.jpg,https://zarpazoentertainment.com/
,Valentina Pastushenko,HM,https://assets.awwwards.com/awards/media/cache/thumb_440_330/submissions/2025/09/68ba8cef7b5a4299979934.jpg,https://imarketina.com/
,,PROMOTED,,
,Fonder Studio,HM,https://assets.awwwards.com/awards/media/cache/thumb_440_330/submissions/2025/09/68ba208031a82512253164.png,https://www.fonder.studio
,Ashfall Studio,DEV,https://assets.awwwards.com/awards/media/cache/thumb_440_330/submissions/2025/08/68920d76158cf806140996.png,https://ccus.heidelbergmaterials.com/en/
,Wix Studio,HM,https://assets.awwwards.com/awards/media/cache/thumb_440_330/submissions/2025/08/68b427624aab8084435742.png,https://www.maskatorium.com/
,paul.jochum,HM,https://assets.awwwards.com/awards/media/cache/thumb_440_330/submissions/2025/09/68b985da6b4d3000033978.jpg,https://www.pauljochum.com/
,NOPE Creative,HM,https://assets.awwwards.com/awards/media/cache/thumb_440_330/submissions/2025/09/68b705bfd2168580593806.png,https://www.nope.ee/en/ice-cream
,Bearplus,HM,https://assets.awwwards.com/awards/media/cache/thumb_440_330/submissions/2025/09/68b874d89d0fc418007105.png,https://www.silana.com/
,Octavio Brehm,HM,https://assets.awwwards.com/awards/media/cache/thumb_440_330/submissions/2025/09/68b99029b46c6684266344.png,https://octaviobrehm.com/
,Studio Morfar,DEV,https://assets.awwwards.com/awards/media/cache/thumb_440_330/submissions/2025/07/68877c33eb39c070881002.jpg,https://www.purposetalent.xyz/
,The First The Last,HM,https://assets.awwwards.com/awards/media/cache/thumb_440_330/submissions/2025/09/68b5c07e5c5a6836493073.png,https://davincii.com/
,Valerii Kovita,HM,https://assets.awwwards.com/awards/media/cache/thumb_440_330/submissions/2025/09/68b7d6791f4bf746072604.jpg,https://www.vitalinabender.com/
,syncity,HM,https://assets.awwwards.com/awards/media/cache/thumb_440_330/submissions/2025/09/68c45c0913d56366276903.jpg,https://syncity.co.jp
,Leeroy,DEV,https://assets.awwwards.com/awards/media/cache/thumb_440_330/submissions/2025/07/6882714bca49b082053794.jpg,https://www.luminaireauthentik.com/
,justin parisio,HM,https://assets.awwwards.com/awards/media/cache/thumb_440_330/submissions/2025/08/68b35d11cf41e354769511.png,https://www.serviceplusaquatics.com
,General Condition,HM,https://assets.awwwards.com/awards/media/cache/thumb_440_330/submissions/2025/09/68b5658d40cad819436018.png,https://generalcondition.com/
,Madalin,HM,https://assets.awwwards.com/awards/media/cache/thumb_440_330/submissions/2025/09/68b6feca1fb41047596602.jpg,https://www.ariaproject.dev
,ClaPat,HM,https://assets.awwwards.com/awards/media/cache/thumb_440_330/submissions/2025/09/68b6b85b65b35930216761.jpg,https://www.clapat.com/templates/moz/
,Charles,HM,https://assets.awwwards.com/awards/media/cache/thumb_440_330/submissions/2025/09/68b56c039dfb3812483665.jpg,https://architecture.film
,Esimple,HM,https://assets.awwwards.com/awards/media/cache/thumb_440_330/submissions/2025/09/68b5b839ae8af914666100.jpg,https://www.esimple.it/
,Surd Studio,DEV,https://assets.awwwards.com/awards/media/cache/thumb_440_330/submissions/2025/08/68918c0faaee7338618089.jpg,https://www.wildyriftian.com/
,Acoca.ben,HM,https://assets.awwwards.com/awards/media/cache/thumb_440_330/submissions/2025/09/68bab2f4a3af9386952317.png,https://www.twicetwice.tv/
,Orizon,HM,https://assets.awwwards.com/awards/media/cache/thumb_440_330/submissions/2025/09/68b55d4875c26814915679.jpg,https://borgodellerose.it/
,Malvah,DEV,https://assets.awwwards.com/awards/media/cache/thumb_440_330/submissions/2025/07/688a2c7d1507b955164810.jpg,https://www.bittercreek.studio/
,Manufactur,HM,https://assets.awwwards.com/awards/media/cache/thumb_440_330/submissions/2025/08/68b0a9e7ae02e742555600.jpg,https://foragerproject.com/
,hvdhoef,HM,https://assets.awwwards.com/awards/media/cache/thumb_440_330/submissions/2025/09/68b5519c5d769552539613.png,https://art.rabobank.nl/en/
,xianyao-wei,HM,https://assets.awwwards.com/awards/media/cache/thumb_440_330/submissions/2025/08/68b40f3f33cf5860811938.jpg,https://www.weisdevice.xyz/
,Soleil Noir,HM,https://assets.awwwards.com/awards/media/cache/thumb_440_330/submissions/2025/09/68c012bcc1022392720690.jpg,https://soleilnoir.com/
,McArnolds,HM,https://assets.awwwards.com/awards/media/cache/thumb_440_330/submissions/2025/09/68c02c6395c44510002949.jpg,http://www.travel-sensations.com
,Resn,DEV,https://assets.awwwards.com/awards/media/cache/thumb_440_330/submissions/2025/07/688bf5e53cfc1894599677.png,https://savor.it/
,Vavan Studio,HM,https://assets.awwwards.com/awards/media/cache/thumb_440_330/submissions/2025/08/68b040dcb9b7b588361219.jpg,https://www.danieleandmarilia.com/
,gregorylewis,HM,https://assets.awwwards.com/awards/media/cache/thumb_440_330/submissions/2025/08/68b05d3f5765b930652324.png,https://www.goodlookingdesign.co.uk/
,Campari Group,HM,https://assets.awwwards.com/awards/media/cache/thumb_440_330/submissions/2025/07/6889f2d3d95f9887717263.png,https://www.cynar.com/it-it/
,,PROMOTED,,
,Dennis Snellenberg,AH,https://assets.awwwards.com/awards/media/cache/thumb_440_330/submissions/2025/07/6878a302b9c28800104087.jpg,https://truus.co/
,Wix Studio,HM,https://assets.awwwards.com/awards/media/cache/thumb_440_330/submissions/2025/08/68b01e9b2a3c7155317578.png,https://www.dateitorhateit.com/
,Andrejs Korovskis,HM,https://assets.awwwards.com/awards/media/cache/thumb_440_330/submissions/2025/08/68af00808c730893360359.png,https://www.andkorss.com/
,Bjorn Encutescu,HM,https://assets.awwwards.com/awards/media/cache/thumb_440_330/submissions/2025/08/68af09afc6e59167143510.jpg,https://bjornflow.com/
,Flowtrix,HM,https://assets.awwwards.com/awards/media/cache/thumb_440_330/submissions/2025/08/68af2ab22f5ee688533868.png,https://databahn.ai/
,Juice Agency,DEV,https://assets.awwwards.com/awards/media/cache/thumb_440_330/submissions/2025/07/68876f1598c02513495972.png,https://www.juice.agency
,Matchbox Studio,HM,https://assets.awwwards.com/awards/media/cache/thumb_440_330/submissions/2025/08/68b0d87981c11507614629.jpg,https://sss.matchboxstudio.com/
,The Brink Agency,HM,https://assets.awwwards.com/awards/media/cache/thumb_440_330/submissions/2025/08/68aec52f26768779955002.jpg,https://www.solaax.com/
,Ficturo,HM,https://assets.awwwards.com/awards/media/cache/thumb_440_330/submissions/2025/07/6866a79d55519111178702.jpg,https://www.jakubwencek.pl/
,Checkmate Digitalt Bureau,HM,https://assets.awwwards.com/awards/media/cache/thumb_440_330/submissions/2025/08/68aea3a0d67c2715301329.jpg,https://thelargo.com/
,lailalbuquerque,HM,https://assets.awwwards.com/awards/media/cache/thumb_440_330/submissions/2025/08/68af46200b6d9361724606.jpg,https://lailalbuquerque.com/
,digital of things,SOTD,https://assets.awwwards.com/awards/media/cache/thumb_440_330/submissions/2025/07/687f5cd4df5b2443917123.png,https://internalities.eu/
,NOTHING,HM,https://assets.awwwards.com/awards/media/cache/thumb_440_330/submissions/2025/09/68b8688d10538645384206.jpg,https://www.madebynothing.com/
,Run For The Hills,HM,https://assets.awwwards.com/awards/media/cache/thumb_440_330/submissions/2025/08/68ada586c73d4940060046.jpg,https://runforthehills.com/
,Manmeet Rayat,HM,https://assets.awwwards.com/awards/media/cache/thumb_440_330/submissions/2025/08/68aeb708ef480668236578.jpg,https://axiom-protocol.webflow.io
,Snowhouse Studio,HM,https://assets.awwwards.com/awards/media/cache/thumb_440_330/submissions/2025/08/68ace067c60fe391767352.png,https://www.donedrinks.com/
,Protocolli Creativi,HM,https://assets.awwwards.com/awards/media/cache/thumb_440_330/submissions/2025/08/68ad855188ef4439115042.jpg,https://www.secchiariboots.com/
,SOCIETY STUDIOS®,AH,https://assets.awwwards.com/awards/media/cache/thumb_440_330/submissions/2025/08/68add1bb5dc6b012775075.jpg,https://reydelistmorumco.com/
,Ivor J.,DEV,https://assets.awwwards.com/awards/media/cache/thumb_440_330/submissions/2025/07/688443b774d62163098050.jpg,https://s-2k.webflow.io/
,Wix Studio,AH,https://assets.awwwards.com/awards/media/cache/thumb_440_330/submissions/2025/08/68aecfa12c597569966239.jpg,https://www.digitalpandorasbox.com/
,GrinningGraphics,HM,https://assets.awwwards.com/awards/media/cache/thumb_440_330/submissions/2025/08/68ac3bc156eb5786233963.jpg,https://grit.pictures/
,mount inc.,HM,https://assets.awwwards.com/awards/media/cache/thumb_440_330/submissions/2025/08/68ac6346a8a2c558660242.jpg,https://wd-inc.jp/
,Alchemy Digital,HM,https://assets.awwwards.com/awards/media/cache/thumb_440_330/submissions/2025/08/68a83dbeda1bd015591796.png,https://reach-ats.com/
,fatfish,HM,https://assets.awwwards.com/awards/media/cache/thumb_440_330/submissions/2025/05/681b6e4fb8f7e301159622.jpg,https://espaceaxc.com/
,elio,HM,https://assets.awwwards.com/awards/media/cache/thumb_440_330/submissions/2025/08/68acba4f922fd830205836.png,https://www.studioelio.com/
,Clou,DEV,https://assets.awwwards.com/awards/media/cache/thumb_440_330/submissions/2025/07/6880db3d942aa539478891.png,https://www.clou.ch/
,NORD ID,HM,https://assets.awwwards.com/awards/media/cache/thumb_440_330/submissions/2025/08/68b1b1e2ac868164096327.png,https://group.vattenfall.com/windfarmed
,,PROMOTED,,
,51North,HM,https://assets.awwwards.com/awards/media/cache/thumb_440_330/submissions/2025/08/68a832a25dcc1644064356.jpg,https://adnight.nl/
,Sun Hung,HM,https://assets.awwwards.com/awards/media/cache/thumb_440_330/submissions/2025/08/68a832e73f017576880608.jpg,https://www.sunhung.net/
,GoodLove,HM,https://assets.awwwards.com/awards/media/cache/thumb_440_330/submissions/2025/09/68b84c42c7c62833471864.jpg,https://www.celeresinvestments.com
,Nicolas Giannantonio,HM,https://assets.awwwards.com/awards/media/cache/thumb_440_330/submissions/2025/08/68a8682ceb13c714959715.png,https://nicolasgiannantonio.com/
,Patrick Heintzmann,DEV,https://assets.awwwards.com/awards/media/cache/thumb_440_330/submissions/2025/07/687e2c579f9ed043539319.png,https://www.darkstarfury.com/
,Lax,HM,https://assets.awwwards.com/awards/media/cache/thumb_440_330/submissions/2025/08/68a73648b4f4c004867428.png,https://laxspace.co/
,Common Studio LDN,HM,https://assets.awwwards.com/awards/media/cache/thumb_440_330/submissions/2025/08/68a8af4cf3d96736789775.jpg,https://nft.refikanadol.com/
,Alchemy Digital,HM,https://assets.awwwards.com/awards/media/cache/thumb_440_330/submissions/2025/08/68a7247263ea4752015302.png,https://www.curveballsolutions.com/
,Nua Creativos,HM,https://assets.awwwards.com/awards/media/cache/thumb_440_330/submissions/2025/08/68a729f519243960017513.png,https://nuacreativos.com
,Nwekar Sharif,HM,https://assets.awwwards.com/awards/media/cache/thumb_440_330/submissions/2025/08/68a7a33b6aff2889065984.png,https://www.algon.iq/
,REJOUICE®,AH,https://assets.awwwards.com/awards/media/cache/thumb_440_330/submissions/2025/07/688419e0939f1847754167.png,https://terminal-industries.com
,alberto-lambert,HM,https://assets.awwwards.com/awards/media/cache/thumb_440_330/submissions/2025/08/689b7531b0b7a972014668.png,https://www.planhat.com
,Excited,HM,https://assets.awwwards.com/awards/media/cache/thumb_440_330/submissions/2025/08/68a5cf8507c53943616032.png,https://www.societies.io/
,Visual Identity,HM,https://assets.awwwards.com/awards/media/cache/thumb_440_330/submissions/2025/09/68b57c99aecfd121171061.jpg,https://ameen-abdullah.dev
,DACTYLO,HM,https://assets.awwwards.com/awards/media/cache/thumb_440_330/submissions/2025/08/68a62209d3d23973736619.jpeg,https://sante-nordique.com
,Griflan,HM,https://assets.awwwards.com/awards/media/cache/thumb_440_330/submissions/2025/08/68a635dac2d98670004056.jpg,https://everest-systems.com/
,Locomotive,DEV,https://assets.awwwards.com/awards/media/cache/thumb_440_330/submissions/2025/07/68769934f24bc901478833.jpg,https://thedrake.ca
,Granyon,HM,https://assets.awwwards.com/awards/media/cache/thumb_440_330/submissions/2025/08/68a5856fb81ad353178711.png,https://microbexplorer.com/
,coi,HM,https://assets.awwwards.com/awards/media/cache/thumb_440_330/submissions/2025/08/68a48d9b8237f880847783.jpg,https://www.mwhwear.com/
,Rauno Freiberg,HM,https://assets.awwwards.com/awards/media/cache/thumb_440_330/submissions/2025/08/68a4477ddb927972382875.png,https://rauno.me
,Laborator,HM,https://assets.awwwards.com/awards/media/cache/thumb_440_330/submissions/2025/08/68a58aa342c84375328054.jpg,https://sites.kaliumtheme.com/elementor/furniture
,Studio 9P,AH,https://assets.awwwards.com/awards/media/cache/thumb_440_330/submissions/2025/07/6877b57d948ab140539856.jpg,https://mola-zone.com/
,Ocitocine,HM,https://assets.awwwards.com/awards/media/cache/thumb_440_330/submissions/2025/08/68a6fa8d065ca207489553.jpg,https://imagerie-films.fr/
,TVINENKO,HM,https://assets.awwwards.com/awards/media/cache/thumb_440_330/submissions/2025/08/68acf1a001176035296882.png,https://t-ko.space/
,Websmith,HM,https://assets.awwwards.com/awards/media/cache/thumb_440_330/submissions/2025/08/68a3fb6e9747f054855998.png,https://tunbridgegallery.com.au
,Amir Arhami,HM,https://assets.awwwards.com/awards/media/cache/thumb_440_330/submissions/2025/08/68a360b51747c921359823.png,https://wyrvox.site
,Cosmos Studio,DEV,https://assets.awwwards.com/awards/media/cache/thumb_440_330/submissions/2025/07/687dfca475bdc593770376.png,https://www.mirfundmerch.com
,WA-STUDIO,HM,https://assets.awwwards.com/awards/media/cache/thumb_440_330/submissions/2025/08/68a6c9aa9dfab797939502.jpg,https://year-of-love.exploresyndrome.com/
,Shimura Tetsuro,HM,https://assets.awwwards.com/awards/media/cache/thumb_440_330/submissions/2025/08/68a2c3a990474234243671.png,https://autumnmeteorite.jp/en
,Pixeto,HM,https://assets.awwwards.com/awards/media/cache/thumb_440_330/submissions/2025/08/68a2eddcb8d07435807694.png,https://klearmindclinics.com/
,Psychoactive Studios,HM,https://assets.awwwards.com/awards/media/cache/thumb_440_330/submissions/2025/08/68a302829512b233232472.png,https://things.inc/
,Flexxi,HM,https://assets.awwwards.com/awards/media/cache/thumb_440_330/submissions/2025/08/689a46bf6920a402826577.png,https://www.flexxi.design/
,Fredge,HM,https://assets.awwwards.com/awards/media/cache/thumb_440_330/submissions/2025/08/68a3415a8a2a3919127002.png,https://www.co-al.xyz/
,Form&Fun Studio,AH,https://assets.awwwards.com/awards/media/cache/thumb_440_330/submissions/2025/07/687688b40eda4544983532.jpg,https://www.formandfun.co
,Roman Burachevsky,HM,https://assets.awwwards.com/awards/media/cache/thumb_440_330/submissions/2025/08/68a5ba96c0f24605343950.jpg,https://www.room.studio/
,,PROMOTED,,
,katefm,HM,https://assets.awwwards.com/awards/media/cache/thumb_440_330/submissions/2025/08/68a1181719a69656043250.png,https://thei.care
,jovani-reyes,HM,https://assets.awwwards.com/awards/media/cache/thumb_440_330/submissions/2025/08/68a25fa5c1fac952755400.png,https://www.jreyes-mc-portfolio.com/
,ED.,HM,https://assets.awwwards.com/awards/media/cache/thumb_440_330/submissions/2025/08/68b0ef99882cc563316372.jpg,https://itprenewables.com/
,R&M,HM,https://assets.awwwards.com/awards/media/cache/thumb_440_330/submissions/2025/08/689f75fc6cb1f246036661.png,http://r-and-m.co/
,Martin Briceno,DEV,https://assets.awwwards.com/awards/media/cache/thumb_440_330/submissions/2025/07/68758a7091297218724774.jpg,http://martinbriceno.xyz
,Kazuma Takeda,HM,https://assets.awwwards.com/awards/media/cache/thumb_440_330/submissions/2025/08/68a17636ae3d0694978353.png,https://kazuma-takeda.com/
,elinakustlyvy,HM,https://assets.awwwards.com/awards/media/cache/thumb_440_330/submissions/2025/08/68a008725ff6d364039603.png,https://www.elinakustlyvy.com
,Alejandro Mejias,HM,https://assets.awwwards.com/awards/media/cache/thumb_440_330/submissions/2025/08/68a942901ce01718641895.jpg,https://maggie-app.com/
,Cult Holdings Co.,HM,https://assets.awwwards.com/awards/media/cache/thumb_440_330/submissions/2025/08/689e3ed5e2d96536074867.png,https://cultholdings.co/
,Nathan,HM,https://assets.awwwards.com/awards/media/cache/thumb_440_330/submissions/2025/08/689df0d635d17701459493.jpg,https://www.possiblefinance.com/
,The First The Last,DEV,https://assets.awwwards.com/awards/media/cache/thumb_440_330/submissions/2025/07/68714ff388669571466430.png,https://pictoric.com.ua/
,Academy,HM,https://assets.awwwards.com/awards/media/cache/thumb_440_330/submissions/2025/08/68a83be42657d036346998.jpg,https://b150.ai
,Edoardo Lunardi,HM,https://assets.awwwards.com/awards/media/cache/thumb_440_330/submissions/2025/08/689c7ba56a803461178933.png,https://www.restaurantecain.es/
,Liquidink Design,HM,https://assets.awwwards.com/awards/media/cache/thumb_440_330/submissions/2025/08/689df6dfb7e49890149299.png,https://www.zenda.com/
,Mike Kus,HM,https://assets.awwwards.com/awards/media/cache/thumb_440_330/submissions/2025/08/68a77dc80e51d888922064.jpg,https://mikekus.com
,Enric S Neelamkavil,HM,https://assets.awwwards.com/awards/media/cache/thumb_440_330/submissions/2025/08/68a97179b9981380261042.png,https://enric.design/
,Double Play,DEV,https://assets.awwwards.com/awards/media/cache/thumb_440_330/submissions/2025/07/6878ecb65f6e4506636696.jpg,https://www.doubleplay.studio/
,Okey Studio,HM,https://assets.awwwards.com/awards/media/cache/thumb_440_330/submissions/2025/08/689b88325c4bf174247329.jpg,https://www.karocrafts.com/
,OXYZ3,HM,https://assets.awwwards.com/awards/media/cache/thumb_440_330/submissions/2025/08/68a6ca616179e575742488.png,https://www.oxyz3.xyz
,Toqir Chatha,HM,https://assets.awwwards.com/awards/media/cache/thumb_440_330/submissions/2025/08/689ba54e5b61d189139448.png,https://www.vinelayer0.com/
,Lawted,HM,https://assets.awwwards.com/awards/media/cache/thumb_440_330/submissions/2025/08/6899d915b50ab103076371.png,https://lawted.tech/
,Tymofii Bak,HM,https://assets.awwwards.com/awards/media/cache/thumb_440_330/submissions/2025/08/689c61f22aa5f873796412.png,https://astralab.framer.website/
,Konpo,DEV,https://assets.awwwards.com/awards/media/cache/thumb_440_330/submissions/2025/07/688743ad2af1e539792283.png,https://compsych.konpo.co/
,ADELT Agency,AH,https://assets.awwwards.com/awards/media/cache/thumb_440_330/submissions/2025/08/689c5467ec197463351917.png,https://makedesign.tech
,Christopher Simon,HM,https://assets.awwwards.com/awards/media/cache/thumb_440_330/submissions/2025/08/68a1c56e99ace516325535.jpg,https://sub-bio-studios.com.au/
,Powster,HM,https://assets.awwwards.com/awards/media/cache/thumb_440_330/submissions/2025/08/689b574aafbec473080961.png,https://www.welcometoberk.com
,DashDigital,SOTD,https://assets.awwwards.com/awards/media/cache/thumb_440_330/submissions/2025/07/686ce64bb47d1646420537.png,https://lo2s.com/
,Rotate°,HM,https://assets.awwwards.com/awards/media/cache/thumb_440_330/submissions/2025/08/689b483758b70823340812.jpg,https://olivercabell.com/
,Chronicle,HM,https://assets.awwwards.com/awards/media/cache/thumb_440_330/submissions/2025/08/6899978352ec0416610865.png,https://chroniclehq.com/
,Antrfx,HM,https://assets.awwwards.com/awards/media/cache/thumb_440_330/submissions/2025/08/68990fb6383ce023375912.png,https://antrfx.fr/
,Spiderworkstechnologies,HM,https://assets.awwwards.com/awards/media/cache/thumb_440_330/submissions/2025/08/689affdea0604473351485.jpg,https://dcd.org.ae/en
,,PROMOTED,,
,71three,HM,https://assets.awwwards.com/awards/media/cache/thumb_440_330/submissions/2025/08/689945e458822115990239.jpg,https://mrreward.com/
,karim-saab,SOTD,https://assets.awwwards.com/awards/media/cache/thumb_440_330/submissions/2025/05/68303a7c83191832878793.png,https://www.casa-lunara.com/
,Lydia Amaruch,HM,https://assets.awwwards.com/awards/media/cache/thumb_440_330/submissions/2025/08/689a33d15bf37628744203.png,https://lydiaamaruch.com/
,November Five,HM,https://assets.awwwards.com/awards/media/cache/thumb_440_330/submissions/2025/08/68a58883c2955366588481.png,https://www.lepainquotidien.com/be/en
,Junction,HM,https://assets.awwwards.com/awards/media/cache/thumb_440_330/submissions/2025/08/6898e6b856c45676598497.jpg,https://house-of.sophias-leeuwarden.nl/
,mark-kemp,HM,https://assets.awwwards.com/awards/media/cache/thumb_440_330/submissions/2025/08/6895e4ad34979831771709.jpg,https://fidesoak.com/
,Kins,HM,https://assets.awwwards.com/awards/media/cache/thumb_440_330/submissions/2025/08/68a8380ab134e086409702.png,http://bykins.com
,Ning Huang,DEV,https://assets.awwwards.com/awards/media/cache/thumb_440_330/submissions/2025/06/6856332b9686a140919301.jpg,https://ning-h.com/
,KWP,HM,https://assets.awwwards.com/awards/media/cache/thumb_440_330/submissions/2025/08/68958fb544b36495891586.jpg,https://kwpandpartners.au/
,Chipsa,HM,https://assets.awwwards.com/awards/media/cache/thumb_440_330/submissions/2025/08/6894b8e9ccbc2565255027.jpg,https://promeat.chipsa.design/
,velvele,HM,https://assets.awwwards.com/awards/media/cache/thumb_440_330/submissions/2025/08/68947a9115ec0276509045.png,https://velvele.studio
,ROCANI,HM,https://assets.awwwards.com/awards/media/cache/thumb_440_330/submissions/2025/08/689b5bd17f797912841701.png,https://katana.network
,colibrity-agency,HM,https://assets.awwwards.com/awards/media/cache/thumb_440_330/submissions/2025/08/689468f1610ad622584320.jpg,https://exost.fr
,Legend,DEV,https://assets.awwwards.com/awards/media/cache/thumb_440_330/submissions/2025/07/686c4b1bc65a2922708561.jpg,https://clayboan.com
,Mike van der Sanden,HM,https://assets.awwwards.com/awards/media/cache/thumb_440_330/submissions/2025/08/6892fbf56ce34582058793.png,https://mikevandersanden.com/
,Zypsy,HM,https://assets.awwwards.com/awards/media/cache/thumb_440_330/submissions/2025/08/68936264ae1f1124927115.jpg,https://www.exein.io/
,Carlos Geronimo,HM,https://assets.awwwards.com/awards/media/cache/thumb_440_330/submissions/2025/08/6893c0e8e4493442052168.png,https://wearesmall.es/en
,Baunfire,HM,https://assets.awwwards.com/awards/media/cache/thumb_440_330/submissions/2025/08/68923cced40e6787373251.png,https://nomadgroup.io/
,Jords+Co Studio,HM,https://assets.awwwards.com/awards/media/cache/thumb_440_330/submissions/2025/08/68922070b138a583996721.png,https://www.jords.co.uk/
,Federico,DEV,https://assets.awwwards.com/awards/media/cache/thumb_440_330/submissions/2025/07/6876499df2a4c013367964.jpg,https://smooothy.federic.ooo/
,Orizon,HM,https://assets.awwwards.com/awards/media/cache/thumb_440_330/submissions/2025/08/6890cdc5f2711963151727.jpg,https://skylinebarvenice.it/
,Sandikala Studio,HM,https://assets.awwwards.com/awards/media/cache/thumb_440_330/submissions/2025/08/6891b4d043b96431775110.png,https://www.jiacurated.com/
,Dous Studio,SOTD,https://assets.awwwards.com/awards/media/cache/thumb_440_330/submissions/2025/07/68667f412da31917052357.jpg,https://redwoodteam.tv/
